{
  "editor_type": "Mini PySpine Animation v1",
  "assembly_path": "test.json",
  "animations": [
    {
      "name": "anim_1",
      "length": 48,
      "fps": 12,
      "tracks": {
        "sprite_4_2": {
          "local_rotation": {
            "0": -0.43717340339568567,
            "25": -60.3708332720699,
            "47": 0.33696218736000105
          }
        },
        "sprite_4_1": {
          "root_x": {
            "0": 186.93721444310222,
            "25": 215.95483380418716,
            "47": 186.75196782435435
          },
          "root_y": {
            "0": 204.20801645163084,
            "25": 213.47657275987632,
            "47": 203.7008883653291
          },
          "rotation": {
            "0": 0.6682093909625282,
            "25": 177.73056921593084,
            "47": -3.7940032347834287
          },
          "local_rotation": {
            "0": 0.0,
            "25": 0.0,
            "47": 0.0
          }
        },
        "sprite_4_3": {
          "local_rotation": {
            "0": 0.14063464644609847,
            "25": -43.69120896080376,
            "47": -0.39954960367538206
          }
        }
      }
    }
  ],
  "ui_state": {
    "current_frame": 23.648000000000813,
    "timeline_scroll_x": 0,
    "timeline_scroll_y": 0
  }
}