{
  "sprite_sheet_path": "PySpineGuy.png",
  "sprites": {
    "sprite_1": {
      "name": "sprite_1",
      "x": 5,
      "y": 4,
      "width": 18,
      "height": 23,
      "origin_x": 0.643266995938535,
      "origin_y": 0.8016778820012287
    },
    "sprite_2": {
      "name": "sprite_2",
      "x": 33,
      "y": 4,
      "width": 31,
      "height": 27,
      "origin_x": 0.4896389008675365,
      "origin_y": 0.8162441217047502
    },
    "sprite_3": {
      "name": "sprite_3",
      "x": 66,
      "y": 5,
      "width": 28,
      "height": 23,
      "origin_x": 0.4706716402462011,
      "origin_y": 0.7842865776534025
    },
    "sprite_4": {
      "name": "sprite_4",
      "x": 97,
      "y": 8,
      "width": 30,
      "height": 19,
      "origin_x": 0.479293530896454,
      "origin_y": 0.7599258571593821
    },
    "sprite_5": {
      "name": "sprite_5",
      "x": 129,
      "y": 11,
      "width": 32,
      "height": 36,
      "origin_x": 0.44308768521542596,
      "origin_y": 0.9066275357230071
    },
    "sprite_6": {
      "name": "sprite_6",
      "x": 201,
      "y": 4,
      "width": 14,
      "height": 23,
      "origin_x": 0.6752827846741773,
      "origin_y": 0.16890916815644016
    },
    "sprite_7": {
      "name": "sprite_7",
      "x": 234,
      "y": 4,
      "width": 13,
      "height": 23,
      "origin_x": 0.3885014443992264,
      "origin_y": 0.18557583482310683
    },
    "sprite_8": {
      "name": "sprite_8",
      "x": 202,
      "y": 40,
      "width": 14,
      "height": 17,
      "origin_x": 0.6261179775937344,
      "origin_y": 0.16510069682599074
    },
    "sprite_9": {
      "name": "sprite_9",
      "x": 234,
      "y": 40,
      "width": 12,
      "height": 17,
      "origin_x": 0.4138043071926892,
      "origin_y": 0.14157128506128494
    },
    "sprite_10": {
      "name": "sprite_10",
      "x": 202,
      "y": 233,
      "width": 14,
      "height": 16,
      "origin_x": 0.3553975956587761,
      "origin_y": 0.22882678374192267
    },
    "sprite_11": {
      "name": "sprite_11",
      "x": 232,
      "y": 233,
      "width": 13,
      "height": 15,
      "origin_x": 0.6750435645556038,
      "origin_y": 0.2974152359913849
    },
    "sprite_12": {
      "name": "sprite_12",
      "x": 330,
      "y": 3,
      "width": 16,
      "height": 27,
      "origin_x": 0.5902367331397684,
      "origin_y": 0.15335461214699786
    },
    "sprite_13": {
      "name": "sprite_13",
      "x": 357,
      "y": 6,
      "width": 18,
      "height": 24,
      "origin_x": 0.3748698680099343,
      "origin_y": 0.1139196426721473
    },
    "sprite_14": {
      "name": "sprite_14",
      "x": 329,
      "y": 42,
      "width": 14,
      "height": 14,
      "origin_x": 0.5031276950168798,
      "origin_y": 0.2528981805692102
    },
    "sprite_15": {
      "name": "sprite_15",
      "x": 361,
      "y": 41,
      "width": 16,
      "height": 16,
      "origin_x": 0.4152367331397713,
      "origin_y": 0.2337859079980591
    },
    "sprite_16": {
      "name": "sprite_16",
      "x": 329,
      "y": 230,
      "width": 19,
      "height": 21,
      "origin_x": 0.6559421469541763,
      "origin_y": 0.18372672825226946
    },
    "sprite_17": {
      "name": "sprite_17",
      "x": 359,
      "y": 226,
      "width": 15,
      "height": 25,
      "origin_x": 0.5167344332147347,
      "origin_y": 0.19433045173190636
    },
    "sprite_18": {
      "name": "sprite_18",
      "x": 453,
      "y": 166,
      "width": 22,
      "height": 52,
      "origin_x": 0.6378278723857582,
      "origin_y": 0.08425720534790151
    },
    "sprite_19": {
      "name": "sprite_19",
      "x": 484,
      "y": 166,
      "width": 20,
      "height": 55,
      "origin_x": 0.3974716953297194,
      "origin_y": 0.06856935948332755
    },
    "sprite_20": {
      "name": "sprite_20",
      "x": 448,
      "y": 237,
      "width": 31,
      "height": 43,
      "origin_x": 0.843517590682706,
      "origin_y": 0.11327339449986489
    },
    "sprite_21": {
      "name": "sprite_21",
      "x": 481,
      "y": 236,
      "width": 31,
      "height": 44,
      "origin_x": 0.8499692035859315,
      "origin_y": 0.14706263553395874
    },
    "sprite_22": {
      "name": "sprite_22",
      "x": 449,
      "y": 288,
      "width": 30,
      "height": 32,
      "origin_x": 0.9193213780503963,
      "origin_y": 0.5531132857662975
    },
    "sprite_23": {
      "name": "sprite_23",
      "x": 481,
      "y": 288,
      "width": 30,
      "height": 32,
      "origin_x": 0.8926547113837292,
      "origin_y": 0.5406132857662982
    }
  }
}