{
  "duration": 5.0,
  "fps": 30,
  "original_bone_positions": {
    "bone_1": [
      239.5672298560342,
      223.95463575126888,
      -93.88675899248197
    ],
    "bone_2": [
      239.5672298560342,
      223.95463575126888,
      154.9831065219
    ],
    "bone_3": [
      239.5672298560342,
      223.95463575126888,
      16.764729185379498
    ],
    "bone_4": [
      239.5672298560342,
      223.95463575126888,
      90.0
    ],
    "bone_5": [
      239.5672298560342,
      238.7954219419173,
      91.46880071438575
    ],
    "bone_6": [
      239.16722985603423,
      254.39542194191733,
      139.25559826784408
    ],
    "bone_7": [
      239.16722985603423,
      254.39542194191733,
      40.78760185033663
    ],
    "bone_8": [
      227.5672298560342,
      229.55463575126888,
      125.4333140102856
    ],
    "bone_9": [
      220.1672298560342,
      239.95463575126888,
      111.0512874535691
    ],
    "bone_10": [
      253.07434493270733,
      228.02360310281537,
      56.976132444203316
    ],
    "bone_11": [
      260.87434493270734,
      240.02360310281537,
      74.74488129694235
    ],
    "bone_12": [
      231.46136018794533,
      261.03391221932117,
      106.57301740579474
    ],
    "bone_13": [
      246.8613601879453,
      261.03391221932117,
      68.84582128655015
    ],
    "bone_14": [
      227.75655575483202,
      273.48284215098596,
      91.6740675506221
    ],
    "bone_15": [
      251.6292830275593,
      273.35556942371335,
      88.50512812404145
    ]
  },
  "sprite_instances": {
    "sprite_1_1": {
      "id": "sprite_1_1",
      "sprite_name": "sprite_1",
      "bone_name": "bone_1",
      "offset_x": 1.5999999999999943,
      "offset_y": 2.4000000000000057,
      "offset_rotation": 0,
      "scale": 1.0,
      "bone_attachment_point": "end"
    },
    "sprite_2_1": {
      "id": "sprite_2_1",
      "sprite_name": "sprite_2",
      "bone_name": "bone_1",
      "offset_x": 0,
      "offset_y": 0,
      "offset_rotation": 0.0,
      "scale": 1.0,
      "bone_attachment_point": "start"
    },
    "sprite_3_1": {
      "id": "sprite_3_1",
      "sprite_name": "sprite_3",
      "bone_name": "bone_4",
      "offset_x": 0,
      "offset_y": 0,
      "offset_rotation": 0.0,
      "scale": 1.0,
      "bone_attachment_point": "end"
    },
    "sprite_4_1": {
      "id": "sprite_4_1",
      "sprite_name": "sprite_4",
      "bone_name": "bone_5",
      "offset_x": 0,
      "offset_y": 0,
      "offset_rotation": 0.0,
      "scale": 1.0,
      "bone_attachment_point": "end"
    },
    "sprite_6_1": {
      "id": "sprite_6_1",
      "sprite_name": "sprite_6",
      "bone_name": "bone_2",
      "offset_x": 3.367003367003349,
      "offset_y": -2.2446689113355944,
      "offset_rotation": 30.0,
      "scale": 1.0,
      "bone_attachment_point": "end"
    },
    "sprite_7_1": {
      "id": "sprite_7_1",
      "sprite_name": "sprite_7",
      "bone_name": "bone_3",
      "offset_x": -0.22446689113360208,
      "offset_y": -1.1223344556678114,
      "offset_rotation": 330.0,
      "scale": 1.0,
      "bone_attachment_point": "end"
    },
    "sprite_10_1": {
      "id": "sprite_10_1",
      "sprite_name": "sprite_10",
      "bone_name": "bone_9",
      "offset_x": 0,
      "offset_y": 0,
      "offset_rotation": 0.0,
      "scale": 1.0,
      "bone_attachment_point": "end"
    },
    "sprite_11_1": {
      "id": "sprite_11_1",
      "sprite_name": "sprite_11",
      "bone_name": "bone_11",
      "offset_x": 1.3468013468013282,
      "offset_y": 0.0,
      "offset_rotation": 0.0,
      "scale": 1.0,
      "bone_attachment_point": "end"
    },
    "sprite_13_1": {
      "id": "sprite_13_1",
      "sprite_name": "sprite_13",
      "bone_name": "bone_7",
      "offset_x": -0.9999999999999716,
      "offset_y": -2.2000000000000455,
      "offset_rotation": 0.0,
      "scale": 1.0,
      "bone_attachment_point": "end"
    },
    "sprite_12_1": {
      "id": "sprite_12_1",
      "sprite_name": "sprite_12",
      "bone_name": "bone_6",
      "offset_x": 3.4000000000000057,
      "offset_y": -3.8000000000000114,
      "offset_rotation": 15.0,
      "scale": 1.0,
      "bone_attachment_point": "end"
    },
    "sprite_8_1": {
      "id": "sprite_8_1",
      "sprite_name": "sprite_8",
      "bone_name": "bone_8",
      "offset_x": 0,
      "offset_y": 0,
      "offset_rotation": 0.0,
      "scale": 1.0,
      "bone_attachment_point": "end"
    },
    "sprite_9_1": {
      "id": "sprite_9_1",
      "sprite_name": "sprite_9",
      "bone_name": "bone_10",
      "offset_x": -0.8978675645342378,
      "offset_y": 0.4489337822671189,
      "offset_rotation": 345.0,
      "scale": 1.0,
      "bone_attachment_point": "end"
    },
    "sprite_17_1": {
      "id": "sprite_17_1",
      "sprite_name": "sprite_17",
      "bone_name": "bone_15",
      "offset_x": 0.19999999999998863,
      "offset_y": 1.6000000000000227,
      "offset_rotation": 0.0,
      "scale": 1.0,
      "bone_attachment_point": "end"
    },
    "sprite_16_1": {
      "id": "sprite_16_1",
      "sprite_name": "sprite_16",
      "bone_name": "bone_14",
      "offset_x": 0,
      "offset_y": 0,
      "offset_rotation": 0.0,
      "scale": 1.0,
      "bone_attachment_point": "end"
    },
    "sprite_15_1": {
      "id": "sprite_15_1",
      "sprite_name": "sprite_15",
      "bone_name": "bone_13",
      "offset_x": -1.0,
      "offset_y": 2.1999999999999886,
      "offset_rotation": 0.0,
      "scale": 1.0,
      "bone_attachment_point": "end"
    },
    "sprite_14_1": {
      "id": "sprite_14_1",
      "sprite_name": "sprite_14",
      "bone_name": "bone_12",
      "offset_x": 0.0,
      "offset_y": 1.6000000000000227,
      "offset_rotation": 0.0,
      "scale": 1.0,
      "bone_attachment_point": "end"
    }
  },
  "bone_tracks": {
    "bone_1": {
      "keyframes": [
        {
          "time": 0.0,
          "transform": {
            "x": 0.0,
            "y": -0.21762913579016185,
            "rotation": 0.0,
            "scale": 1.0
          },
          "interpolation": "linear",
          "sprite_instance_id": null
        },
        {
          "time": 1,
          "transform": {
            "x": 1.0881456789507524,
            "y": -14.058842172043597,
            "rotation": 0.0,
            "scale": 1.0
          },
          "interpolation": "linear",
          "sprite_instance_id": null
        },
        {
          "time": 2,
          "transform": {
            "x": 0.5984801234229167,
            "y": -22.241697677753194,
            "rotation": 0.29062890912810246,
            "scale": 1.0
          },
          "interpolation": "linear",
          "sprite_instance_id": null
        },
        {
          "time": 4,
          "transform": {
            "x": 0.19949337447431503,
            "y": 9.706259456240588,
            "rotation": 0.09687630304270084,
            "scale": 1.0
          },
          "interpolation": "linear",
          "sprite_instance_id": null
        },
        {
          "time": 5,
          "transform": {
            "x": 0.0,
            "y": 0.21762913579013343,
            "rotation": 0.0,
            "scale": 1.0
          },
          "interpolation": "linear",
          "sprite_instance_id": null
        }
      ]
    },
    "bone_2": {
      "keyframes": [
        {
          "time": 1,
          "transform": {
            "x": 0.0,
            "y": 0.0,
            "rotation": -21.975612516966095,
            "scale": 1.0
          },
          "interpolation": "linear",
          "sprite_instance_id": null
        },
        {
          "time": 3,
          "transform": {
            "x": 0.22937878449494065,
            "y": -0.2884297661894095,
            "rotation": -327.5964578235752,
            "scale": 1.0
          },
          "interpolation": "linear",
          "sprite_instance_id": null
        },
        {
          "time": 5,
          "transform": {
            "x": 0.22937878449494065,