{
  "sprite_sheet_path": "PySpineGuy.png",
  "sprites": {
    "sprite_1": {
      "name": "sprite_1",
      "x": 5,
      "y": 4,
      "width": 18,
      "height": 23,
      "origin_x": 0.72130323730854,
      "origin_y": 0.8922079870913382
    },
    "sprite_2": {
      "name": "sprite_2",
      "x": 33,
      "y": 4,
      "width": 31,
      "height": 27,
      "origin_x": 0.4872895848228712,
      "origin_y": 0.3556077585467396
    },
    "sprite_3": {
      "name": "sprite_3",
      "x": 66,
      "y": 5,
      "width": 28,
      "height": 23,
      "origin_x": 0.48235632605389306,
      "origin_y": 0.20875693394617262
    },
    "sprite_4": {
      "name": "sprite_4",
      "x": 97,
      "y": 8,
      "width": 30,
      "height": 19,
      "origin_x": 0.4861152757184575,
      "origin_y": 0.3326728264789883
    },
    "sprite_5": {
      "name": "sprite_5",
      "x": 129,
      "y": 11,
      "width": 32,
      "height": 36,
      "origin_x": 0.4470617852971568,
      "origin_y": 0.2555947077989436
    },
    "sprite_6": {
      "name": "sprite_6",
      "x": 200,
      "y": 4,
      "width": 16,
      "height": 24,
      "origin_x": 0.6752827846741773,
      "origin_y": 0.16890916815644016
    },
    "sprite_7": {
      "name": "sprite_7",
      "x": 232,
      "y": 4,
      "width": 17,
      "height": 24,
      "origin_x": 0.3885014443992264,
      "origin_y": 0.18557583482310683
    },
    "sprite_8": {
      "name": "sprite_8",
      "x": 202,
      "y": 40,
      "width": 14,
      "height": 18,
      "origin_x": 0.7288946110562031,
      "origin_y": 0.15854555754192035
    },
    "sprite_9": {
      "name": "sprite_9",
      "x": 234,
      "y": 40,
      "width": 12,
      "height": 17,
      "origin_x": 0.3061485032227555,
      "origin_y": 0.1095627036690424
    },
    "sprite_10": {
      "name": "sprite_10",
      "x": 202,
      "y": 233,
      "width": 14,
      "height": 16,
      "origin_x": 0.3553975956587761,
      "origin_y": 0.22882678374192267
    },
    "sprite_11": {
      "name": "sprite_11",
      "x": 232,
      "y": 233,
      "width": 13,
      "height": 15,
      "origin_x": 0.6750435645556038,
      "origin_y": 0.2974152359913849
    },
    "sprite_12": {
      "name": "sprite_12",
      "x": 330,
      "y": 3,
      "width": 16,
      "height": 27,
      "origin_x": 0.5902367331397684,
      "origin_y": 0.15335461214699786
    },
    "sprite_13": {
      "name": "sprite_13",
      "x": 357,
      "y": 6,
      "width": 18,
      "height": 24,
      "origin_x": 0.3748698680099343,
      "origin_y": 0.1139196426721473
    },
    "sprite_14": {
      "name": "sprite_14",
      "x": 329,
      "y": 42,
      "width": 14,
      "height": 14,
      "origin_x": 0.5031276950168798,
      "origin_y": 0.2528981805692102
    },
    "sprite_15": {
      "name": "sprite_15",
      "x": 361,
      "y": 41,
      "width": 16,
      "height": 16,
      "origin_x": 0.4152367331397713,
      "origin_y": 0.2337859079980591
    },
    "sprite_16": {
      "name": "sprite_16",
      "x": 329,
      "y": 230,
      "width": 19,
      "height": 21,
      "origin_x": 0.6559421469541763,
      "origin_y": 0.18372672825226946
    },
    "sprite_17": {
      "name": "sprite_17",
      "x": 359,
      "y": 226,
      "width": 15,
      "height": 25,
      "origin_x": 0.5167344332147347,
      "origin_y": 0.19433045173190636
    }
  },
  "bones": {
    "bone_1": {
      "name": "bone_1",
      "x": 239.5672298560342,
      "y": 223.95463575126888,
      "length": 6.856900840474496,
      "angle": -93.88675899248197,
      "parent": null,
      "parent_attachment_point": "end",
      "children": [
        "bone_4",
        "bone_2",
        "bone_3"
      ],
      "layer": "middle",
      "layer_order": 2
    },
    "bone_2": {
      "name": "bone_2",
      "x": 239.5672298560342,
      "y": 223.95463575126888,
      "length": 13.242356285797475,
      "angle": 154.9831065219,
      "parent": "bone_1",
      "parent_attachment_point": "start",
      "children": [
        "bone_8"
      ],
      "layer": "behind",
      "layer_order": 2
    },
    "bone_3": {
      "name": "bone_3",
      "x": 239.5672298560342,
      "y": 223.95463575126888,
      "length": 14.106688236522485,
      "angle": 16.764729185379498,
      "parent": "bone_1",
      "parent_attachment_point": "start",
      "children": [
        "bone_10"
      ],
      "layer": "front",
      "layer_order": 2
    },
    "bone_4": {
      "name": "bone_4",
      "x": 239.5672298560342,
      "y": 223.95463575126888,
      "length": 14.84078619064843,
      "angle": 90.0,
      "parent": "bone_1",
      "parent_attachment_point": "start",
      "children": [
        "bone_5"
      ],
      "layer": "middle",
      "layer_order": 1
    },
    "bone_5": {
      "name": "bone_5",
      "x": 239.5672298560342,
      "y": 238.7954219419173,
      "length": 15.605127362504948,
      "angle": 91.46880071438575,
      "parent": "bone_4",
      "parent_attachment_point": "end",
      "children": [
        "bone_6",
        "bone_7"
      ],
      "layer": "middle",
      "layer_order": 0
    },
    "bone_6": {
      "name": "bone_6",
      "x": 239.16722985603423,
      "y": 254.39542194191733,
      "length": 10.171036353526501,
      "angle": 139.25559826784408,
      "parent": "bone_5",
      "parent_attachment_point": "end",
      "children": [
        "bone_12"
      ],
      "layer": "behind",
      "layer_order": 2
    },
    "bone_7": {
      "name": "bone_7",
      "x": 239.16722985603423,
      "y": 254.39542194191733,
      "length": 10.16214518335668,
      "angle": 40.78760185033663,
      "parent": "bone_5",
      "parent_attachment_point": "end",
      "children": [
        "bone_13"
      ],
      "layer": "front",
      "layer_order": 2
    },
    "bone_8": {
      "name": "bone_8",
      "x": 227.5672298560342,
      "y": 229.55463575126888,
      "length": 12.764011908487088,
      "angle": 125.4333140102856,
      "parent": "bone_2",
      "parent_attachment_point": "end",
      "children": [
        "bone_9"
      ],
      "layer": "behind",
      "layer_order": 1
    },
    "bone_9": {
      "name": "bone_9",
      "x": 220.1672298560342,
      "y": 239.95463575126888,
      "length": 12.749662328055543,
      "angle": 111.0512874535691,
      "parent": "bone_8",
      "parent_attachment_point": "end",
      "children": [],
      "layer": "behind",
      "layer_order": 0
    },
    "bone_10": {
      "name": "bone_10",
      "x": 253.07434493270733,
      "y": 228.02360310281537,
      "length": 14.312232530251881,
      "angle": 56.976132444203316,
      "parent": "bone_3",
      "parent_attachment_point": "end",
      "children": [
        "bone_11"
      ],
      "layer": "front",
      "layer_order": 1
    },
    "bone_11": {
      "name": "bone_11",
      "x": 260.87434493270734,
      "y": 240.02360310281537,
      "length": 13.682105101189636,
      "angle": 74.74488129694235,
      "parent": "bone_10",
      "parent_attachment_point": "end",
      "children": [],
      "layer": "front",
      "layer_order": 0
    },
    "bone_12": {
      "name": "bone_12",
      "x": 231.46136018794533,
      "y": 261.03391221932117,
      "length": 12.988511551795133,
      "angle": 106.57301740579474,
      "parent": "bone_6",
      "parent_attachment_point": "end",
      "children": [
        "bone_14"
      ],
      "layer": "behind",
      "layer_order": 1
    },
    "bone_13": {
      "name": "bone_13",
      "x": 246.8613601879453,
      "y": 261.03391221932117,
      "length": 13.211976554136873,
      "angle": 68.84582128655015,
      "parent": "bone_7",
      "parent_attachment_point": "end",
      "children": [
        "bone_15"
      ],
      "layer": "front",
      "layer_order": 1
    },
    "bone_14": {
      "name": "bone_14",
      "x": 227.75655575483202,
      "y": 273.48284215098596,
      "length": 12.036554825366762,
      "angle": 91.6740675506221,